annee,index,indicateur_specifique,code_iso,pays,score,rang_worldwide
2026,BTI,Transformation Index,MAR,Morocco,4.616666666666667,
2026,BTI,Transformation Index,MAR,Morocco,4.646428571428572,
2026,BTI,Transformation Index,MAR,Morocco,4.4714285714285715,
2026,BTI,Transformation Index,MAR,Morocco,4.503571428571428,
2026,BTI,Transformation Index,MAR,Morocco,4.517857142857142,
2026,BTI,Transformation Index,MAR,Morocco,4.595238095238095,
2026,BTI,Transformation Index,MAR,Morocco,4.614285714285714,
2026,BTI,Transformation Index,MAR,Morocco,4.698809523809524,
2026,BTI,Transformation Index,MAR,Morocco,4.773809523809524,
2026,BTI,Transformation Index,MAR,Morocco,4.544047619047619,
2025,CPI,Score Global,MAR,Morocco,39.0,91
2024,CPI,Score Global,MAR,Morocco,37.0,99
2023,CPI,Score Global,MAR,Morocco,38.0,97
2022,CPI,Score Global,MAR,Morocco,38.0,94
2021,CPI,Score Global,MAR,Morocco,39.0,87
2020,CPI,Score Global,MAR,Morocco,40.0,86
2019,CPI,Score Global,MAR,Morocco,41.0,80
2018,CPI,Score Global,MAR,Morocco,43.0,73
2017,CPI,Score Global,MAR,Morocco,40.0,81
2016,CPI,Score Global,MAR,Morocco,37.0,90
2015,CPI,Score Global,MAR,Morocco,36.0,88
2014,CPI,Score Global,MAR,Morocco,39.0,80
2013,CPI,Score Global,MAR,Morocco,37.0,91
2012,CPI,Score Global,MAR,Morocco,37.0,88
2026,DI,Democracy Index,MAR,Morocco,3.9,115
2026,DI,Democracy Index,MAR,Morocco,3.88,120
2026,DI,Democracy Index,MAR,Morocco,3.79,116
2026,DI,Democracy Index,MAR,Morocco,3.83,119
2026,DI,Democracy Index,MAR,Morocco,4.07,115
2026,DI,Democracy Index,MAR,Morocco,4.07,115
2026,DI,Democracy Index,MAR,Morocco,4.0,116
2026,DI,Democracy Index,MAR,Morocco,4.66,107
2026,DI,Democracy Index,MAR,Morocco,4.77,105
2026,DI,Democracy Index,MAR,Morocco,4.87,101
2026,DI,Democracy Index,MAR,Morocco,4.99,100
2026,DI,Democracy Index,MAR,Morocco,5.1,96
2026,DI,Democracy Index,MAR,Morocco,5.04,96
2026,DI,Democracy Index,MAR,Morocco,5.04,95
2026,DI,Democracy Index,MAR,Morocco,5.04,95
2026,DI,Democracy Index,MAR,Morocco,5.04,93
2026,DI,Democracy Index,MAR,Morocco,5.04,93
2023,IIAG,Overall Governance Score,MAR,Morocco,62.0,
2022,IIAG,Overall Governance Score,MAR,Morocco,61.5,
2021,IIAG,Overall Governance Score,MAR,Morocco,61.9,
2020,IIAG,Overall Governance Score,MAR,Morocco,60.3,
2019,IIAG,Overall Governance Score,MAR,Morocco,58.7,
2018,IIAG,Overall Governance Score,MAR,Morocco,57.7,
2017,IIAG,Overall Governance Score,MAR,Morocco,57.5,
2016,IIAG,Overall Governance Score,MAR,Morocco,57.8,
2015,IIAG,Overall Governance Score,MAR,Morocco,57.2,
2014,IIAG,Overall Governance Score,MAR,Morocco,56.7,
2013,IIAG,Overall Governance Score,MAR,Morocco,56.5,
2012,IIAG,Overall Governance Score,MAR,Morocco,56.6,
2025,OBI,Score de Transparence (OBI),MAR,Morocco,51.06,
2023,OBI,Score de Transparence (OBI),MAR,Morocco,46.78,
2021,OBI,Score de Transparence (OBI),MAR,Morocco,48.31,
2019,OBI,Score de Transparence (OBI),MAR,Morocco,42.83,
2017,OBI,Score de Transparence (OBI),MAR,Morocco,45.27,
2015,OBI,Score de Transparence (OBI),MAR,Morocco,38.2,
2012,OBI,Score de Transparence (OBI),MAR,Morocco,37.54,
2010,OBI,Score de Transparence (OBI),MAR,Morocco,28.21,
2008,OBI,Score de Transparence (OBI),MAR,Morocco,27.5,
2006,OBI,Score de Transparence (OBI),MAR,Morocco,19.15,
2024,WGI,Voice and Accountability,MAR,Morocco,-0.726704999999999,
2024,WGI,Control of Corruption,MAR,Morocco,-0.5186913,
2024,WGI,Government Effectiveness,MAR,Morocco,0.1763559,
2024,WGI,Political Stability and Absence of Violence,MAR,Morocco,-0.4408003,
2024,WGI,Regulatory Quality,MAR,Morocco,-0.0266854999999999,
2024,WGI,Rule of Law Index,MAR,Morocco,-0.3678036,
2023,WGI,Voice and Accountability,MAR,Morocco,-0.7258593,
2023,WGI,Control of Corruption,MAR,Morocco,-0.5521901,
2023,WGI,Government Effectiveness,MAR,Morocco,-0.0188320999999999,
2023,WGI,Political Stability and Absence of Violence,MAR,Morocco,-0.534977199999999,
2023,WGI,Regulatory Quality,MAR,Morocco,-0.0473438,
2023,WGI,Rule of Law Index,MAR,Morocco,-0.3934002,
2022,WGI,Voice and Accountability,MAR,Morocco,-0.6956057,
2022,WGI,Control of Corruption,MAR,Morocco,-0.4879114,
2022,WGI,Government Effectiveness,MAR,Morocco,-0.1200179,
2022,WGI,Political Stability and Absence of Violence,MAR,Morocco,-0.492008,
2022,WGI,Regulatory Quality,MAR,Morocco,-0.0811815999999999,
2022,WGI,Rule of Law Index,MAR,Morocco,-0.4491939,
2021,WGI,Voice and Accountability,MAR,Morocco,-0.696885,
2021,WGI,Control of Corruption,MAR,Morocco,-0.4783966,
2021,WGI,Government Effectiveness,MAR,Morocco,-0.1241745,
2021,WGI,Political Stability and Absence of Violence,MAR,Morocco,-0.4686437,
2021,WGI,Regulatory Quality,MAR,Morocco,-0.0751135,
2021,WGI,Rule of Law Index,MAR,Morocco,-0.4447944,
2020,WGI,Voice and Accountability,MAR,Morocco,-0.6956447,
2020,WGI,Control of Corruption,MAR,Morocco,-0.408551999999999,
2020,WGI,Government Effectiveness,MAR,Morocco,-0.0577221999999999,
2020,WGI,Political Stability and Absence of Violence,MAR,Morocco,-0.409449199999999,
2020,WGI,Regulatory Quality,MAR,Morocco,0.0648279,
2020,WGI,Rule of Law Index,MAR,Morocco,-0.314662899999999,
2019,WGI,Voice and Accountability,MAR,Morocco,-0.6666584,
2019,WGI,Control of Corruption,MAR,Morocco,-0.425659399999999,
2019,WGI,Government Effectiveness,MAR,Morocco,-0.1333028,
2019,WGI,Political Stability and Absence of Violence,MAR,Morocco,-0.390399499999999,
2019,WGI,Regulatory Quality,MAR,Morocco,0.0271992,
2019,WGI,Rule of Law Index,MAR,Morocco,-0.3198643,
2018,WGI,Voice and Accountability,MAR,Morocco,-0.6930849,
2018,WGI,Control of Corruption,MAR,Morocco,-0.475142299999999,
2018,WGI,Government Effectiveness,MAR,Morocco,-0.3161959,
2018,WGI,Political Stability and Absence of Violence,MAR,Morocco,-0.426450799999999,
2018,WGI,Regulatory Quality,MAR,Morocco,-0.1157961,
2018,WGI,Rule of Law Index,MAR,Morocco,-0.3248223,
2017,WGI,Voice and Accountability,MAR,Morocco,-0.622077099999999,
2017,WGI,Control of Corruption,MAR,Morocco,-0.3911459,
2017,WGI,Government Effectiveness,MAR,Morocco,-0.2631327,
2017,WGI,Political Stability and Absence of Violence,MAR,Morocco,-0.5065227,
2017,WGI,Regulatory Quality,MAR,Morocco,0.0044748,
2017,WGI,Rule of Law Index,MAR,Morocco,-0.3713857,
2016,WGI,Voice and Accountability,MAR,Morocco,-0.5720272,
2016,WGI,Control of Corruption,MAR,Morocco,-0.3146541,
2016,WGI,Government Effectiveness,MAR,Morocco,-0.1396764,
2016,WGI,Political Stability and Absence of Violence,MAR,Morocco,-0.4710854,
2016,WGI,Regulatory Quality,MAR,Morocco,0.0139184,
2016,WGI,Rule of Law Index,MAR,Morocco,-0.2935249,
2015,WGI,Voice and Accountability,MAR,Morocco,-0.6459636,
2015,WGI,Control of Corruption,MAR,Morocco,-0.352055199999999,
2015,WGI,Government Effectiveness,MAR,Morocco,-0.2363813,
2015,WGI,Political Stability and Absence of Violence,MAR,Morocco,-0.4546654,
2015,WGI,Regulatory Quality,MAR,Morocco,0.0585252,
2015,WGI,Rule of Law Index,MAR,Morocco,-0.3687701,
2014,WGI,Voice and Accountability,MAR,Morocco,-0.6694114,
2014,WGI,Control of Corruption,MAR,Morocco,-0.4165717,
2014,WGI,Government Effectiveness,MAR,Morocco,-0.2696224,
2014,WGI,Political Stability and Absence of Violence,MAR,Morocco,-0.4094598,
2014,WGI,Regulatory Quality,MAR,Morocco,0.0501017,
2014,WGI,Rule of Law Index,MAR,Morocco,-0.372493199999999,
2013,WGI,Voice and Accountability,MAR,Morocco,-0.7073083,
2013,WGI,Control of Corruption,MAR,Morocco,-0.4173212,
2013,WGI,Government Effectiveness,MAR,Morocco,-0.2189575,
2013,WGI,Political Stability and Absence of Violence,MAR,Morocco,-0.6954656,
2013,WGI,Regulatory Quality,MAR,Morocco,0.0197469,
2013,WGI,Rule of Law Index,MAR,Morocco,-0.4333613,
2012,WGI,Voice and Accountability,MAR,Morocco,-0.5882097,
2012,WGI,Control of Corruption,MAR,Morocco,-0.5029325,
2012,WGI,Government Effectiveness,MAR,Morocco,-0.2011827,
2012,WGI,Political Stability and Absence of Violence,MAR,Morocco,-0.5760215,
2012,WGI,Regulatory Quality,MAR,Morocco,-0.0055365,
2012,WGI,Rule of Law Index,MAR,Morocco,-0.3317303,
2011,WGI,Voice and Accountability,MAR,Morocco,-0.546845999999999,
2011,WGI,Control of Corruption,MAR,Morocco,-0.5058263,
2011,WGI,Government Effectiveness,MAR,Morocco,-0.1652959,
2011,WGI,Political Stability and Absence of Violence,MAR,Morocco,-0.5060194,
2011,WGI,Regulatory Quality,MAR,Morocco,-0.0756699,
2011,WGI,Rule of Law Index,MAR,Morocco,-0.381967699999999,
2010,WGI,Voice and Accountability,MAR,Morocco,-0.5290341,
2010,WGI,Control of Corruption,MAR,Morocco,-0.3011276,
2010,WGI,Government Effectiveness,MAR,Morocco,-0.116891399999999,
2010,WGI,Political Stability and Absence of Violence,MAR,Morocco,-0.440469399999999,
2010,WGI,Regulatory Quality,MAR,Morocco,0.0236412,
2010,WGI,Rule of Law Index,MAR,Morocco,-0.3848819,
2009,WGI,Voice and Accountability,MAR,Morocco,-0.7054983,
2009,WGI,Control of Corruption,MAR,Morocco,-0.3848958,
2009,WGI,Government Effectiveness,MAR,Morocco,-0.2775582,
2009,WGI,Political Stability and Absence of Violence,MAR,Morocco,-0.4275208,
2009,WGI,Regulatory Quality,MAR,Morocco,0.0292961,
2009,WGI,Rule of Law Index,MAR,Morocco,-0.413999299999999,
2008,WGI,Voice and Accountability,MAR,Morocco,-0.700719299999999,
2008,WGI,Control of Corruption,MAR,Morocco,-0.3770822,
2008,WGI,Government Effectiveness,MAR,Morocco,-0.3040519,
2008,WGI,Political Stability and Absence of Violence,MAR,Morocco,-0.5121647,
2008,WGI,Regulatory Quality,MAR,Morocco,-0.0413585999999999,
2008,WGI,Rule of Law Index,MAR,Morocco,-0.467205899999999,
2007,WGI,Voice and Accountability,MAR,Morocco,-0.645029,
2007,WGI,Control of Corruption,MAR,Morocco,-0.3077874,
2007,WGI,Government Effectiveness,MAR,Morocco,-0.2764328,
2007,WGI,Political Stability and Absence of Violence,MAR,Morocco,-0.4138396,
2007,WGI,Regulatory Quality,MAR,Morocco,-0.0858921,
2007,WGI,Rule of Law Index,MAR,Morocco,-0.3834633,
2006,WGI,Voice and Accountability,MAR,Morocco,-0.631904,
2006,WGI,Control of Corruption,MAR,Morocco,-0.3493154,
2006,WGI,Government Effectiveness,MAR,Morocco,-0.3257233,
2006,WGI,Political Stability and Absence of Violence,MAR,Morocco,-0.3798256,
2006,WGI,Regulatory Quality,MAR,Morocco,-0.1473941,
2006,WGI,Rule of Law Index,MAR,Morocco,-0.3782659,
2005,WGI,Voice and Accountability,MAR,Morocco,-0.719676499999999,
2005,WGI,Control of Corruption,MAR,Morocco,-0.5205989,
2005,WGI,Government Effectiveness,MAR,Morocco,-0.501754599999999,
2005,WGI,Political Stability and Absence of Violence,MAR,Morocco,-0.5634806,
2005,WGI,Regulatory Quality,MAR,Morocco,-0.4958568,
2005,WGI,Rule of Law Index,MAR,Morocco,-0.4379494,
2004,WGI,Voice and Accountability,MAR,Morocco,-0.6339203,
2004,WGI,Control of Corruption,MAR,Morocco,-0.3883585,
2004,WGI,Government Effectiveness,MAR,Morocco,-0.3771806,
2004,WGI,Political Stability and Absence of Violence,MAR,Morocco,-0.3813317,
2004,WGI,Regulatory Quality,MAR,Morocco,-0.313861499999999,
2004,WGI,Rule of Law Index,MAR,Morocco,-0.2119047,
2003,WGI,Voice and Accountability,MAR,Morocco,-0.7032743,
2003,WGI,Control of Corruption,MAR,Morocco,-0.3936459,
2003,WGI,Government Effectiveness,MAR,Morocco,-0.2984293,
2003,WGI,Political Stability and Absence of Violence,MAR,Morocco,-0.4523723,
2003,WGI,Regulatory Quality,MAR,Morocco,-0.2386893,
2003,WGI,Rule of Law Index,MAR,Morocco,-0.3429218,
2002,WGI,Voice and Accountability,MAR,Morocco,-0.5924178,
2002,WGI,Control of Corruption,MAR,Morocco,-0.123071,
2002,WGI,Government Effectiveness,MAR,Morocco,-0.2675859,
2002,WGI,Political Stability and Absence of Violence,MAR,Morocco,-0.3083776,
2002,WGI,Regulatory Quality,MAR,Morocco,-0.2390429,
2002,WGI,Rule of Law Index,MAR,Morocco,-0.1580799,
2000,WGI,Voice and Accountability,MAR,Morocco,-0.7033455,
2000,WGI,Control of Corruption,MAR,Morocco,-0.2831165,
2000,WGI,Government Effectiveness,MAR,Morocco,-0.0055096,
2000,WGI,Political Stability and Absence of Violence,MAR,Morocco,-0.378917799999999,
2000,WGI,Regulatory Quality,MAR,Morocco,-0.0201385,
2000,WGI,Rule of Law Index,MAR,Morocco,0.2141976,
1998,WGI,Voice and Accountability,MAR,Morocco,-0.4565816,
1998,WGI,Control of Corruption,MAR,Morocco,-0.0906577,
1998,WGI,Government Effectiveness,MAR,Morocco,-0.006963,
1998,WGI,Political Stability and Absence of Violence,MAR,Morocco,-0.0087862,
1998,WGI,Regulatory Quality,MAR,Morocco,-0.0229276,
1998,WGI,Rule of Law Index,MAR,Morocco,0.252351,
1996,WGI,Voice and Accountability,MAR,Morocco,-0.6577039,
1996,WGI,Control of Corruption,MAR,Morocco,-0.1050425,
1996,WGI,Government Effectiveness,MAR,Morocco,-0.002761,
1996,WGI,Political Stability and Absence of Violence,MAR,Morocco,-0.3921728,
1996,WGI,Regulatory Quality,MAR,Morocco,-0.3628971,
1996,WGI,Rule of Law Index,MAR,Morocco,0.4363129,
2024,WJP,Rule of Law Index,MAR,Morocco,0.4787151133616728,
2023,WJP,Rule of Law Index,MAR,Morocco,0.4835478541650606,
2022,WJP,Rule of Law Index,MAR,Morocco,0.47941581227372976,
2021,WJP,Rule of Law Index,MAR,Morocco,0.486912765270517,
2020,WJP,Rule of Law Index,MAR,Morocco,0.5000064444250956,
2019,WJP,Rule of Law Index,MAR,Morocco,0.502668113979693,
2016,WJP,Rule of Law Index,MAR,Morocco,0.5265914716913374,
2015,WJP,Rule of Law Index,MAR,Morocco,0.5193647463310092,
2014,WJP,Rule of Law Index,MAR,Morocco,0.5076917883282334,
